John,417825,Four wheeler,2019-12-24 16:26:26,60,2019-12-24 17:42:22,2019-12-24,30,1,27,977
Glenda,441685,Two wheeler,2019-07-23 17:57:56,60,2019-07-23 18:24:35,2019-07-23,30,1,35,635
Paul,920866,Two wheeler,2019-02-17 20:19:5,60,2019-02-17 21:9:18,2019-02-17,30,3,16,830
Mario,620283,Four wheeler,2019-06-05 16:38:30,60,2019-06-05 17:12:34,2019-06-05,30,1,37,931
Evelyn,424008,Four wheeler,2019-05-28 20:28:16,60,2019-05-28 21:11:17,2019-05-28,30,1,44,806
Belinda,490278,Four wheeler,2019-04-01 19:30:35,60,2019-04-01 20:1:52,2019-04-01,30,1,5,124
Robert,833684,Four wheeler,2019-06-22 18:19:38,60,2019-06-22 19:40:34,2019-06-22,30,3,10,686
Scott,743825,Two wheeler,2019-03-06 15:27:23,60,2019-03-06 16:56:43,2019-03-06,30,3,23,175
Vincent,730171,Two wheeler,2019-04-09 13:4:28,60,2019-04-09 14:51:10,2019-04-09,30,2,7,169
Jane,339759,Four wheeler,2019-09-27 11:30:28,60,2019-09-27 12:52:36,2019-09-27,30,3,27,786
Cedric,760650,Two wheeler,2019-09-06 12:54:10,60,2019-09-06 13:18:11,2019-09-06,30,1,27,274
Judith,776232,Two wheeler,2019-04-07 17:33:7,60,2019-04-07 18:32:34,2019-04-07,30,2,38,984
Raymond,817002,Four wheeler,2019-02-21 17:57:40,60,2019-02-21 18:21:46,2019-02-21,30,1,5,270
William,666206,Two wheeler,2019-04-15 19:14:4,60,2019-04-15 20:7:19,2019-04-15,30,1,38,167
Dominic,545624,Two wheeler,2019-06-03 20:11:27,60,2019-06-03 21:37:38,2019-06-03,30,3,2,345
Sara,908825,Two wheeler,2019-06-14 19:9:31,60,2019-06-14 20:33:36,2019-06-14,30,3,11,598
Leo,517034,Four wheeler,2019-10-18 14:50:30,60,2019-10-18 15:45:19,2019-10-18,30,2,22,818
Juliette,615104,Four wheeler,2019-02-21 19:56:58,60,2019-02-21 20:17:22,2019-02-21,30,2,33,420
Joshua,734312,Four wheeler,2019-03-20 12:29:2,60,2019-03-20 13:51:59,2019-03-20,30,1,2,966
Sam,818851,Two wheeler,2019-05-18 11:47:40,60,2019-05-18 12:0:1,2019-05-18,30,2,43,107
Michael,528191,Four wheeler,2019-01-21 20:29:1,60,2019-01-21 21:16:44,2019-01-21,30,2,34,395
Ramon,592130,Four wheeler,2019-08-27 18:51:21,60,2019-08-27 19:38:50,2019-08-27,30,2,46,677
Jacqueline,635872,Four wheeler,2019-04-08 19:57:59,60,2019-04-08 20:53:58,2019-04-08,30,2,6,166
Joseph,985457,Two wheeler,2019-10-22 18:2:22,60,2019-10-22 19:34:37,2019-10-22,30,3,6,910
Armando,358639,Four wheeler,2019-01-23 16:37:46,60,2019-01-23 17:55:27,2019-01-23,30,3,6,700
Patricia,839940,Four wheeler,2019-03-07 15:56:37,60,2019-03-07 16:18:21,2019-03-07,30,1,16,133
Shari,592814,Four wheeler,2019-05-07 13:29:51,60,2019-05-07 14:4:16,2019-05-07,30,3,30,203
Mark,869860,Four wheeler,2019-04-19 16:33:9,60,2019-04-19 17:33:45,2019-04-19,30,1,33,631
Vivian,471844,Four wheeler,2019-03-04 12:34:44,60,2019-03-04 13:16:56,2019-03-04,30,2,37,615
Lela,634451,Four wheeler,2019-03-05 16:58:31,60,2019-03-05 17:34:37,2019-03-05,30,1,44,734
Delisa,883881,Four wheeler,2019-07-10 17:23:52,60,2019-07-10 18:12:13,2019-07-10,30,2,11,216
Aline,636735,Four wheeler,2019-04-15 20:17:47,60,2019-04-15 21:12:0,2019-04-15,30,3,14,730
Debra,837432,Two wheeler,2019-04-28 18:40:49,60,2019-04-28 19:28:57,2019-04-28,30,1,48,856
Lisa,983264,Four wheeler,2019-04-22 13:42:24,60,2019-04-22 14:45:42,2019-04-22,30,1,23,238
Maryjane,746778,Four wheeler,2019-12-24 12:15:35,60,2019-12-24 13:43:34,2019-12-24,30,2,18,221
Ashley,415269,Four wheeler,2019-02-03 20:18:52,60,2019-02-03 21:29:24,2019-02-03,30,2,1,875
Rose,666055,Four wheeler,2019-11-28 19:42:33,60,2019-11-28 20:25:56,2019-11-28,30,1,23,938
Hugh,468579,Four wheeler,2019-06-22 15:23:0,60,2019-06-22 16:3:0,2019-06-22,30,1,9,563
Victor,464488,Four wheeler,2019-08-03 15:25:55,60,2019-08-03 16:30:56,2019-08-03,30,3,5,509
Kenneth,680946,Two wheeler,2019-08-16 17:11:14,60,2019-08-16 18:26:45,2019-08-16,30,3,2,867
Barbara,502970,Two wheeler,2019-12-18 20:14:39,60,2019-12-18 21:5:56,2019-12-18,30,3,25,765
Timothy,256703,Four wheeler,2019-06-19 16:21:28,60,2019-06-19 17:12:4,2019-06-19,30,1,38,320
Harvey,775659,Four wheeler,2019-04-21 20:46:19,60,2019-04-21 21:44:16,2019-04-21,30,3,33,510
Helen,245667,Four wheeler,2019-04-04 19:41:12,60,2019-04-04 20:8:0,2019-04-04,30,1,35,344
Calvin,698877,Four wheeler,2019-07-01 14:8:10,60,2019-07-01 15:29:27,2019-07-01,30,1,46,319
David,256042,Two wheeler,2019-05-16 13:13:29,60,2019-05-16 14:16:34,2019-05-16,30,1,3,770
Rex,424366,Four wheeler,2019-04-18 11:3:36,60,2019-04-18 12:3:59,2019-04-18,30,1,23,806
Kristin,849534,Two wheeler,2019-07-27 11:52:34,60,2019-07-27 12:59:18,2019-07-27,30,1,48,112
Craig,749316,Two wheeler,2019-04-03 17:43:41,60,2019-04-03 18:7:16,2019-04-03,30,1,31,168
Tamra,306714,Two wheeler,2019-12-01 16:36:43,60,2019-12-01 17:0:26,2019-12-01,30,1,12,516
Doris,752380,Two wheeler,2019-04-25 18:40:47,60,2019-04-25 19:39:9,2019-04-25,30,1,36,838
Laura,819857,Two wheeler,2019-09-01 17:16:57,60,2019-09-01 18:57:59,2019-09-01,30,3,49,492
Nichelle,401745,Four wheeler,2019-04-26 14:26:12,60,2019-04-26 15:12:51,2019-04-26,30,3,43,254
Elwood,353305,Two wheeler,2019-04-04 18:33:38,60,2019-04-04 19:9:19,2019-04-04,30,1,48,898
Heriberto,283044,Two wheeler,2019-04-12 20:5:24,60,2019-04-12 21:33:51,2019-04-12,30,1,22,220
Shannon,275808,Four wheeler,2019-02-15 19:41:7,60,2019-02-15 20:37:55,2019-02-15,30,1,6,273
Victoria,305505,Four wheeler,2019-07-20 20:48:8,60,2019-07-20 21:24:49,2019-07-20,30,2,38,887
Christina,902783,Four wheeler,2019-05-23 15:19:22,60,2019-05-23 16:39:10,2019-05-23,30,1,14,102
Boyd,619775,Four wheeler,2019-12-24 12:54:31,60,2019-12-24 13:31:37,2019-12-24,30,1,10,779
Bette,322453,Two wheeler,2019-09-03 14:59:19,60,2019-09-03 15:54:45,2019-09-03,30,2,36,383
Suzanne,352697,Four wheeler,2019-07-14 20:15:3,60,2019-07-14 21:26:1,2019-07-14,30,2,2,993
Edward,424846,Four wheeler,2019-12-08 14:49:24,60,2019-12-08 15:31:38,2019-12-08,30,1,32,885
Janet,683299,Four wheeler,2019-08-15 12:10:47,60,2019-08-15 13:21:21,2019-08-15,30,3,3,895
Aaron,913690,Two wheeler,2019-04-02 19:58:16,60,2019-04-02 20:46:49,2019-04-02,30,1,5,613
Annie,479162,Two wheeler,2019-09-05 14:29:49,60,2019-09-05 15:16:48,2019-09-05,30,1,42,843
Claude,828778,Four wheeler,2019-04-05 16:46:42,60,2019-04-05 17:46:16,2019-04-05,30,2,46,319
Anna,390874,Four wheeler,2019-04-25 19:49:6,60,2019-04-25 20:51:10,2019-04-25,30,2,47,871
Mary,356130,Two wheeler,2019-04-17 20:29:30,60,2019-04-17 21:27:21,2019-04-17,30,2,27,490
Kim,380644,Four wheeler,2019-10-09 18:55:17,60,2019-10-09 19:14:13,2019-10-09,30,1,47,890
Mildred,482314,Two wheeler,2019-06-07 15:35:46,60,2019-06-07 16:13:51,2019-06-07,30,1,50,567
Kathleen,977389,Four wheeler,2019-05-18 15:16:13,60,2019-05-18 16:54:5,2019-05-18,30,3,4,459
Christa,407685,Four wheeler,2019-04-24 13:4:46,60,2019-04-24 14:54:36,2019-04-24,30,3,10,680
Kaitlyn,339646,Four wheeler,2019-02-03 17:12:29,60,2019-02-03 18:11:0,2019-02-03,30,2,25,235
Jose,847073,Four wheeler,2019-01-10 12:11:45,60,2019-01-10 13:19:55,2019-01-10,30,2,14,196
Sandy,869465,Four wheeler,2019-04-13 19:19:29,60,2019-04-13 20:2:17,2019-04-13,30,3,35,377
Agustin,285512,Two wheeler,2019-04-04 20:21:9,60,2019-04-04 21:52:5,2019-04-04,30,3,24,481
Wanda,759491,Two wheeler,2019-02-09 16:51:23,60,2019-02-09 17:37:9,2019-02-09,30,3,30,807
Jeffrey,693556,Four wheeler,2019-07-22 20:24:24,60,2019-07-22 21:42:53,2019-07-22,30,3,5,581
Blanch,891700,Four wheeler,2019-06-20 19:33:16,60,2019-06-20 20:11:14,2019-06-20,30,2,24,993
Mable,343791,Two wheeler,2019-04-03 14:26:7,60,2019-04-03 15:3:50,2019-04-03,30,1,37,880
Holly,992287,Four wheeler,2019-09-02 11:44:14,60,2019-09-02 12:5:2,2019-09-02,30,2,30,284
Jesse,235154,Four wheeler,2019-10-04 13:0:48,60,2019-10-04 14:59:38,2019-10-04,30,1,12,301
Therese,988061,Four wheeler,2019-04-14 19:59:41,60,2019-04-14 20:55:38,2019-04-14,30,3,4,685
Megan,556994,Two wheeler,2019-06-07 18:24:27,60,2019-06-07 19:46:56,2019-06-07,30,3,46,455
Bobbye,462957,Four wheeler,2019-09-18 17:41:1,60,2019-09-18 18:30:35,2019-09-18,30,3,7,196
Nichole,861484,Two wheeler,2019-04-04 19:29:9,60,2019-04-04 20:0:58,2019-04-04,30,2,6,259
James,901785,Four wheeler,2019-11-19 15:43:17,60,2019-11-19 16:17:26,2019-11-19,30,1,29,275
